{
  "project_info": {
    "project_number": "792481460883",
    "project_id": "userdata-15705",
    "storage_bucket": "userdata-15705.appspot.com"
  },
  "client": [
    {
      "client_info": {
        "mobilesdk_app_id": "1:792481460883:android:81bea5e96a97c289425366",
        "android_client_info": {
          "package_name": "com.example.myapplicationadmin"
        }
      },
      "oauth_client": [],
      "api_key": [
        {
          "current_key": "AIzaSyC69jMUxXzoT6JhUFSS_MLTfI9Fu-kQbbI"
        }
      ],
      "services": {
        "appinvite_service": {
          "other_platform_oauth_client": []
        }
      }
    }
  ],
  "configuration_version": "1"
}